课件UUID,课件名称,视频数量,视频文件数量,文档数量,文档文件数量,附件数量,附件文件数量,拓扑数据,虚拟机
0404f040-23a3-11e9-8d96-d9693eb3f679,12323,0,0
04382a50-245d-11e9-be17-630289e6922e,23,0,0
04f220f0-fa9b-11e8-9d62-1b2fd65c37a1,法国电话双方都,0,0
052fb010-d9b1-11e8-880d-15f7c8db968f,热,0,0
07574ee0-d7fb-11e8-bc61-07b1eef550a4,是的法规阿萨德,0,0
079b46a0-04c4-11e9-b352-9d7837528a9f,ceshi123,0,0
09487b70-1e3d-11e9-bf4f-2bcf8906b29e,视频测试,0,0
094ea400-2430-11e9-8be6-9103b5c28e54,adsadsf,0,0
0985df00-d76e-11e8-ab31-f7dfb114b98b,实训测试,3,0
0a722fd0-251b-11e9-aa36-f58e0055c219,rtrt,0,0
0adf5210-245e-11e9-9551-3536155c4823,qqq,0,0
0aeaf640-d800-11e8-9aa0-593d76f8387d,工商所认同,0,0
0c265d90-1e3c-11e9-b8c9-473a98346059,视频显示,0,0
0db5f020-fdeb-11e8-a484-61a8c5c83d44,热我认为,0,0
0ee7e300-2432-11e9-b3fe-f5afd41be3c4,无疼痛,0,0
10593880-22d8-11e9-a9df-dd11e67a51c8,adfsf,0,0
108bff90-d8f4-11e8-8cbe-09991ec598d6,11111,0,0
12060650-dcc1-11e8-ad8d-8b81ef9a3fba,312,0,0
123f7da0-1d5c-11e9-95e2-eb2cda4c687c,qweqwe,0,0
14cc6920-e6ea-11e8-b629-9fb2083aa173,zczxc,0,0
15634a60-d85a-11e8-8158-c300348c9c00,二位瑞特人,0,0
1653d880-2055-11e9-8597-21949f64931d,eeee,4,0
1669a6a0-0295-11e9-ad8f-4b1040c178d3,23123,1,0
17807640-fa93-11e8-8866-79b78c3800eb,是的分公司电饭锅,0,0
185610e0-d805-11e8-be9a-e7492123fa6b,dfdxf,0,0
1859e360-d807-11e8-bd2e-df511464387b,是的法规十大,0,0
19822580-236a-11e9-aa9f-959f259344da,sdsafdsa,0,0
1b006c40-d805-11e8-bab5-b3bc2e52bb33,施工方的,0,0
1b2d9d50-fa90-11e8-b5c2-754cb1ba25e9,的恢复供货,0,0
1c481392-d4ed-11e8-907f-fefcfee97613,使用BitLocker进行Windows磁盘加密,1,0
1c481736-d4ed-11e8-907f-fefcfee97613,TrueCrypt磁盘加密软件的使用,1,0
1c481838-d4ed-11e8-907f-fefcfee97613,使用PGP进行文件防窃密操作,1,0
1c4819fa-d4ed-11e8-907f-fefcfee97613,SSH以及SSL的加密,1,0
1c481b1b-d4ed-11e8-907f-fefcfee97613,密码字典生成工具pydictor的使用,1,0
1c481c51-d4ed-11e8-907f-fefcfee97613,在线破解SNMP密码的多种方法,1,0
1c481d1e-d4ed-11e8-907f-fefcfee97613,burpsuite爆破登录密码,1,0
1c481e0b-d4ed-11e8-907f-fefcfee97613,DES密码,1,0
1c481eaa-d4ed-11e8-907f-fefcfee97613,序列密码RC4,1,0
1c481f48-d4ed-11e8-907f-fefcfee97613,RSA算法,1,0
1c481fdb-d4ed-11e8-907f-fefcfee97613,古典密码之栅栏密码,1,0
1c48209c-d4ed-11e8-907f-fefcfee97613,Filter防火墙,1,0
1c48216d-d4ed-11e8-907f-fefcfee97613,用JeticoPersonalFirewall来进行防火墙设置,1,0
1c482209-d4ed-11e8-907f-fefcfee97613,EMET软件使用,1,0
1c4822de-d4ed-11e8-907f-fefcfee97613,HTTPGETFLOOD攻击原理分析,1,0
1c482376-d4ed-11e8-907f-fefcfee97613,ICMPFLOOD攻击原理分析,1,0
1c482412-d4ed-11e8-907f-fefcfee97613,IPSecVPN的基本配置,1,0
1c4824a5-d4ed-11e8-907f-fefcfee97613,基于IPSEC的安全通信,1,0
1c48253d-d4ed-11e8-907f-fefcfee97613,狙剑软件的使用,1,0
1c4825d5-d4ed-11e8-907f-fefcfee97613,天琊超级进程监视器的使用,1,0
1c482669-d4ed-11e8-907f-fefcfee97613,Atool监控软件的使用,1,0
1c482701-d4ed-11e8-907f-fefcfee97613,Autoruns启动项管理工具的使用,1,0
1c482794-d4ed-11e8-907f-fefcfee97613,天琊文件粉碎器的使用,1,0
1c482829-d4ed-11e8-907f-fefcfee97613,VBS病毒的原理分析,1,0
1c4828c0-d4ed-11e8-907f-fefcfee97613,Linux恶意脚本的插入,1,0
1c482951-d4ed-11e8-907f-fefcfee97613,使用Removeitpro查杀病毒,1,0
1c4829e9-d4ed-11e8-907f-fefcfee97613,Xuetr杀毒工具的使用,1,0
1c482ad2-d4ed-11e8-907f-fefcfee97613,使用wireshark进行Ping扫描,1,0
1c482b66-d4ed-11e8-907f-fefcfee97613,使用nmap进行端口扫描,1,0
1c482c67-d4ed-11e8-907f-fefcfee97613,Windows防火墙的设置与管理,1,0
1c482cfc-d4ed-11e8-907f-fefcfee97613,HostMonitor监控工具的使用,1,0
1c482da8-d4ed-11e8-907f-fefcfee97613,IPtables防火墙配置,1,0
1c482e5f-d4ed-11e8-907f-fefcfee97613,手写HelloWorld,1,0
1c482efd-d4ed-11e8-907f-fefcfee97613,脚本病毒分析,1,0
1c482f9f-d4ed-11e8-907f-fefcfee97613,BlackICE入侵检测系统的应用,1,0
1c483049-d4ed-11e8-907f-fefcfee97613,木马机制分析和木马线程技术注入技术,1,0
1c4830e9-d4ed-11e8-907f-fefcfee97613,PE文件的加载重定位和执行过程,1,0
1c48317b-d4ed-11e8-907f-fefcfee97613,蠕虫病毒的分析,1,0
1c483220-d4ed-11e8-907f-fefcfee97613,主机探测工具ping和arping及fping,1,0
1c4832c2-d4ed-11e8-907f-fefcfee97613,利用UDPFLOOD软件实现UDPFLOOD攻击,1,0
1c483380-d4ed-11e8-907f-fefcfee97613,跨站脚本攻击基础,1,0
1c483416-d4ed-11e8-907f-fefcfee97613,利用HPING实现SYNFLOOD攻击,1,0
1c4834b2-d4ed-11e8-907f-fefcfee97613,PHP反序列化漏洞01,1,0
1c48354a-d4ed-11e8-907f-fefcfee97613,modsecurity实现云WAF,1,0
1c4835f0-d4ed-11e8-907f-fefcfee97613,JOBSS反序列化漏洞复现,1,0
1c4836c7-d4ed-11e8-907f-fefcfee97613,nmap的两个脚本nmapvulners和vulscan,1,0
1c483784-d4ed-11e8-907f-fefcfee97613,S2001远程代码执行漏洞,1,0
1c483815-d4ed-11e8-907f-fefcfee97613,S2005远程代码执行漏洞,1,0
1c4838b0-d4ed-11e8-907f-fefcfee97613,子域名发掘神器AQUATONE,1,0
1c483948-d4ed-11e8-907f-fefcfee97613,S2007远程代码执行漏洞,1,0
1c4839dd-d4ed-11e8-907f-fefcfee97613,S2008远程代码执行漏洞,1,0
1c483a75-d4ed-11e8-907f-fefcfee97613,S2009远程代码执行漏洞,1,0
1c483b0b-d4ed-11e8-907f-fefcfee97613,S2012远程代码执行漏洞,1,0
1c483baa-d4ed-11e8-907f-fefcfee97613,ActiveMQ反序列化漏洞,1,0
1c483c3d-d4ed-11e8-907f-fefcfee97613,ActiveMQ任意文件写入漏洞,1,0
1c483cec-d4ed-11e8-907f-fefcfee97613,Aria2任意文件写入漏洞,1,0
1c483dbc-d4ed-11e8-907f-fefcfee97613,修改注册表提高系统的保密性,1,0
1c483e84-d4ed-11e8-907f-fefcfee97613,regtool工具的使用,1,0
1c483f19-d4ed-11e8-907f-fefcfee97613,修改注册表提高系统抗拒绝服务攻击能力,1,0
1c483fab-d4ed-11e8-907f-fefcfee97613,removeitpro病毒查杀工具的安装与配置,1,0
1c484042-d4ed-11e8-907f-fefcfee97613,使用注册表修改菜单栏和任务栏,1,0
1c4840d5-d4ed-11e8-907f-fefcfee97613,使用注册表修改桌面设置,1,0
1c484165-d4ed-11e8-907f-fefcfee97613,使用注册表修改控制面板选项,1,0
1c4841fa-d4ed-11e8-907f-fefcfee97613,注册表的权限设置及备份,1,0
1c48428d-d4ed-11e8-907f-fefcfee97613,序列号找回工具的使用,1,0
1c484372-d4ed-11e8-907f-fefcfee97613,MySQL数据库基本操作,1,0
1c484404-d4ed-11e8-907f-fefcfee97613,MySQL安全配置,1,0
1c484496-d4ed-11e8-907f-fefcfee97613,Mysql对数据库文件的备份,1,0
1c484553-d4ed-11e8-907f-fefcfee97613,使用非动态拼装防止sql注入,1,0
1c484607-d4ed-11e8-907f-fefcfee97613,ProcessMonitor工具的使用,1,0
1c48469e-d4ed-11e8-907f-fefcfee97613,IPC管道的利用与远程控制,1,0
1c484739-d4ed-11e8-907f-fefcfee97613,windows2003注册表安全策略设置,1,0
1c4847d0-d4ed-11e8-907f-fefcfee97613,局域网流量管理,1,0
1c484884-d4ed-11e8-907f-fefcfee97613,Windows安全策略与审计,1,0
1c484e67-d4ed-11e8-907f-fefcfee97613,Windows常见的系统命令,1,0
1c484f4c-d4ed-11e8-907f-fefcfee97613,注册表的操作,1,0
1c484ff0-d4ed-11e8-907f-fefcfee97613,Windows用户管理,1,0
1c48508f-d4ed-11e8-907f-fefcfee97613,远程桌面安全配置,1,0
1c48512c-d4ed-11e8-907f-fefcfee97613,Windows帐户与口令的安全设置,1,0
1c4851c4-d4ed-11e8-907f-fefcfee97613,渗透主机信息的查看,1,0
1c48525d-d4ed-11e8-907f-fefcfee97613,windows系统IE浏览器的安全配置,1,0
1c4852f5-d4ed-11e8-907f-fefcfee97613,iis服务安全配置,1,0
1c48538c-d4ed-11e8-907f-fefcfee97613,使用PortListener监听系统端口,1,0
1c485422-d4ed-11e8-907f-fefcfee97613,FTP服务安全配置,1,0
1c4854b7-d4ed-11e8-907f-fefcfee97613,Linux文件系统,1,0
1c485572-d4ed-11e8-907f-fefcfee97613,Linux日志管理,1,0
1c485616-d4ed-11e8-907f-fefcfee97613,linux性能监控,1,0
1c4856c2-d4ed-11e8-907f-fefcfee97613,Windows网络与服务管理,1,0
1c48576c-d4ed-11e8-907f-fefcfee97613,Windows2003系统日志分析,1,0
1c48580c-d4ed-11e8-907f-fefcfee97613,防火墙配置,1,0
1c4858a3-d4ed-11e8-907f-fefcfee97613,溢出区攻击与防范,1,0
1c48593a-d4ed-11e8-907f-fefcfee97613,Win2003域和工作组的配置,1,0
1c4859cf-d4ed-11e8-907f-fefcfee97613,EFS加密文件系统的使用,1,0
1c485a67-d4ed-11e8-907f-fefcfee97613,Windows端口安全加固,1,0
1c485b02-d4ed-11e8-907f-fefcfee97613,Linux基本安全命令使用,1,0
1c485bbd-d4ed-11e8-907f-fefcfee97613,Linux系统的基本操作,1,0
1c485c66-d4ed-11e8-907f-fefcfee97613,net的子命令,1,0
1c485d34-d4ed-11e8-907f-fefcfee97613,离散攻击工具之彩虹表破解,1,0
1c485dca-d4ed-11e8-907f-fefcfee97613,Windows系统的账户隐藏,1,0
1c485e6b-d4ed-11e8-907f-fefcfee97613,MySQL报错注入总结,1,0
1c485f4b-d4ed-11e8-907f-fefcfee97613,Windows内网提权命令合集,1,0
1c485ff3-d4ed-11e8-907f-fefcfee97613,Flash0day漏洞复现,1,0
1c4860aa-d4ed-11e8-907f-fefcfee97613,Telnet远程操作Windows服务器,1,0
1c4861b9-d4ed-11e8-907f-fefcfee97613,GITSHELL沙盒绕过CVE20178386,1,0
1c4862dd-d4ed-11e8-907f-fefcfee97613,文件服务器软件ServerU的配置,1,0
1c48648d-d4ed-11e8-907f-fefcfee97613,XSS跨站脚本攻击,1,0
1c486526-d4ed-11e8-907f-fefcfee97613,Web服务器压力测试,1,0
1c4865ba-d4ed-11e8-907f-fefcfee97613,利用nikto进行网站漏洞扫描,1,0
1c486654-d4ed-11e8-907f-fefcfee97613,Web服务安全配置,1,0
1c48672d-d4ed-11e8-907f-fefcfee97613,垃圾邮件分析与过滤,1,0
1c48693e-d4ed-11e8-907f-fefcfee97613,安全登录,1,0
1c486a02-d4ed-11e8-907f-fefcfee97613,SSH安全连接,1,0
1c486a91-d4ed-11e8-907f-fefcfee97613,NTFS文件系统实验,1,0
1c486b2c-d4ed-11e8-907f-fefcfee97613,EFS实验,1,0
1c486bc7-d4ed-11e8-907f-fefcfee97613,Windows映像劫持技术,1,0
1c486c65-d4ed-11e8-907f-fefcfee97613,FTP访问权限实验,1,0
1c486cf1-d4ed-11e8-907f-fefcfee97613,Tomcat远程命令执行,1,0
1c486d80-d4ed-11e8-907f-fefcfee97613,使用Burpsuite模糊测试SQL注入XSS命令执行漏洞,1,0
1c486e3d-d4ed-11e8-907f-fefcfee97613,zzcms审计,1,0
1c486ece-d4ed-11e8-907f-fefcfee97613,DVWA全级别教程之XSS,1,0
1c486f5a-d4ed-11e8-907f-fefcfee97613,DVWA全级别教程之SQLInjection,1,0
1c486fec-d4ed-11e8-907f-fefcfee97613,DVWA全级别教程之FileUpload,1,0
1c48707b-d4ed-11e8-907f-fefcfee97613,DVWA全级别教程之FileInclusion,1,0
1c48710a-d4ed-11e8-907f-fefcfee97613,DVWA全级别教程之CommandInjection,1,0
1c4871ab-d4ed-11e8-907f-fefcfee97613,espcms注入挖掘,1,0
1c487265-d4ed-11e8-907f-fefcfee97613,DedeCMSV57SP2后台存在代码执行漏洞,1,0
1c4872f7-d4ed-11e8-907f-fefcfee97613,注入之orderby排序篇,1,0
1c48739e-d4ed-11e8-907f-fefcfee97613,PHP反序列化漏洞与Webshell,1,0
1c48742b-d4ed-11e8-907f-fefcfee97613,mysql小括号被过滤后的盲注,1,0
1c487502-d4ed-11e8-907f-fefcfee97613,DiscuzX34任意文件删除漏洞,1,0
1c487597-d4ed-11e8-907f-fefcfee97613,PythonUnpickle造成任意命令执行漏洞,1,0
1c487635-d4ed-11e8-907f-fefcfee97613,DjangoDebugPageXSS漏洞分析,1,0
1c4876c3-d4ed-11e8-907f-fefcfee97613,GlassFish任意文件读取漏洞,1,0
1c487769-d4ed-11e8-907f-fefcfee97613,Flask服务端模板注入漏洞,1,0
1c487806-d4ed-11e8-907f-fefcfee97613,ThinkPHP5SQL注入敏感信息泄露,1,0
1c4879ae-d4ed-11e8-907f-fefcfee97613,WAV音频的LSB信息隐藏,1,0
1c487a6b-d4ed-11e8-907f-fefcfee97613,HTML信息隐藏,1,0
1c487afb-d4ed-11e8-907f-fefcfee97613,LSB信息隐藏,1,0
1c487b8a-d4ed-11e8-907f-fefcfee97613,txt信息隐藏,1,0
1c487c16-d4ed-11e8-907f-fefcfee97613,wbStego工具的使用,1,0
1c487ca4-d4ed-11e8-907f-fefcfee97613,HideAndSeek工具使用,1,0
1c487d33-d4ed-11e8-907f-fefcfee97613,WindowsEFS文件与目录加密,1,0
1c487dc1-d4ed-11e8-907f-fefcfee97613,完全脆弱图像水印,1,0
1c487e4e-d4ed-11e8-907f-fefcfee97613,软件水印攻击,1,0
1c487f8b-d4ed-11e8-907f-fefcfee97613,音频文件信息隐藏,1,0
1c488195-d4ed-11e8-907f-fefcfee97613,家庭组,1,0
1c488277-d4ed-11e8-907f-fefcfee97613,使用HandyBackup进行文件备份,1,0
1c488304-d4ed-11e8-907f-fefcfee97613,使用Duplicati备份文件,1,0
1c488396-d4ed-11e8-907f-fefcfee97613,使用EasyRecovery恢复丢失数据,1,0
1c488470-d4ed-11e8-907f-fefcfee97613,Linux下的mysql备份与恢复,1,0
1c4885c5-d4ed-11e8-907f-fefcfee97613,WindowsXP对系统的备份,1,0
1c488650-d4ed-11e8-907f-fefcfee97613,windows2003对系统的备份,1,0
1c4886dd-d4ed-11e8-907f-fefcfee97613,RAID实验基础,1,0
1c4889ae-d4ed-11e8-907f-fefcfee97613,瑞士军刀netcat的使用指南,1,0
1c488ad3-d4ed-11e8-907f-fefcfee97613,使用wireshark进行DHCP协议分析,1,0
1c488b7b-d4ed-11e8-907f-fefcfee97613,使用wireshark进行ARP协议分析,1,0
1c488c09-d4ed-11e8-907f-fefcfee97613,使用wireshark进行DNS分析,1,0
1c488c99-d4ed-11e8-907f-fefcfee97613,使用wireshark进行HTTP协议分析,1,0
1c488d27-d4ed-11e8-907f-fefcfee97613,使用wireshark进行ICMP协议分析,1,0
1c488db4-d4ed-11e8-907f-fefcfee97613,使用wireshark进行TCP协议分析,1,0
1c488f8b-d4ed-11e8-907f-fefcfee97613,文件格式猜测,1,0
1c48909d-d4ed-11e8-907f-fefcfee97613,kali下使用openssl,1,0
1c48915f-d4ed-11e8-907f-fefcfee97613,Wireshark协议分析简单介绍,1,0
1c48948f-d4ed-11e8-907f-fefcfee97613,使用AppScan扫描Web应用漏洞,1,0
1c48974f-d4ed-11e8-907f-fefcfee97613,使用TeamViewer进行远程控制,1,0
1c4897f1-d4ed-11e8-907f-fefcfee97613,使用VNC进行远程控制,1,0
1c4898c1-d4ed-11e8-907f-fefcfee97613,使用栈溢出运行恶意代码,1,0
1c48994f-d4ed-11e8-907f-fefcfee97613,使用memcpy构造缓冲区溢出漏洞,1,0
1c4899e0-d4ed-11e8-907f-fefcfee97613,shellcode编写,1,0
1c489a6e-d4ed-11e8-907f-fefcfee97613,使用sprintf构造缓冲区溢出漏洞,1,0
1c489afd-d4ed-11e8-907f-fefcfee97613,使用strcat构造缓冲区溢出漏洞,1,0
1c489b8c-d4ed-11e8-907f-fefcfee97613,使用strcpy构造缓冲区溢出漏洞,1,0
1c489c1a-d4ed-11e8-907f-fefcfee97613,使用strncat构造缓冲区溢出漏洞,1,0
1c489cab-d4ed-11e8-907f-fefcfee97613,使用strncpy构造缓冲区溢出漏洞,1,0
1c489d3b-d4ed-11e8-907f-fefcfee97613,使用AsPack进行文件加壳,1,0
1c489e1d-d4ed-11e8-907f-fefcfee97613,使用WirelessNetworkWatcher查看无线用户,1,0
1c489faa-d4ed-11e8-907f-fefcfee97613,PythonPyYAML反序列化漏洞实验以及Payload构造,1,0
1c48a05d-d4ed-11e8-907f-fefcfee97613,恶意代码实战之静态分析,1,0
1c48a0ec-d4ed-11e8-907f-fefcfee97613,GDB初步使用,1,0
1c48a190-d4ed-11e8-907f-fefcfee97613,CVE201711882复现及防御,1,0
1c48a232-d4ed-11e8-907f-fefcfee97613,堆中的offbyone,1,0
1c48a2c4-d4ed-11e8-907f-fefcfee97613,堆概述1,1,0
1c48a352-d4ed-11e8-907f-fefcfee97613,堆概述2,1,0
1c48a4a7-d4ed-11e8-907f-fefcfee97613,堆概述3,1,0
1c48a54f-d4ed-11e8-907f-fefcfee97613,堆相关数据结构之宏观结构,1,0
1c48a5e1-d4ed-11e8-907f-fefcfee97613,堆相关数据结构之微观结构,1,0
1c48a678-d4ed-11e8-907f-fefcfee97613,序列号生成算法Part1,1,0
1c48a709-d4ed-11e8-907f-fefcfee97613,序列号生成算法Part2,1,0
1c48a7a3-d4ed-11e8-907f-fefcfee97613,深入理解堆的实现1,1,0
1c48a82e-d4ed-11e8-907f-fefcfee97613,深入理解堆的实现2,1,0
1c48a8bd-d4ed-11e8-907f-fefcfee97613,堆溢出,1,0
1c48a94a-d4ed-11e8-907f-fefcfee97613,Python中eval带来的潜在风险,1,0
1c48a9d9-d4ed-11e8-907f-fefcfee97613,序列号生成算法Part3,1,0
1c48aa64-d4ed-11e8-907f-fefcfee97613,VisualBasic程序的破解Part1,1,0
1c48ab09-d4ed-11e8-907f-fefcfee97613,初探ROP攻击,1,0
1c48ab97-d4ed-11e8-907f-fefcfee97613,angr介绍一,1,0
1c48ac28-d4ed-11e8-907f-fefcfee97613,VisualBasic程序的破解Part2,1,0
1c48acb7-d4ed-11e8-907f-fefcfee97613,VisualBasic程序的破解Part3,1,0
1c48ad48-d4ed-11e8-907f-fefcfee97613,VisualBasic程序的破解Part4,1,0
1c48add8-d4ed-11e8-907f-fefcfee97613,基本ROP一,1,0
1c48ae65-d4ed-11e8-907f-fefcfee97613,基本ROP二,1,0
1c48aef6-d4ed-11e8-907f-fefcfee97613,永恒之蓝CVE20177494复现过程分析,1,0
1c48af95-d4ed-11e8-907f-fefcfee97613,格式化字符串漏洞原理介绍,1,0
1c48b024-d4ed-11e8-907f-fefcfee97613,格式化字符串漏洞利用,1,0
1c48b0b2-d4ed-11e8-907f-fefcfee97613,格式化字符串漏洞例子1,1,0
1c48b149-d4ed-11e8-907f-fefcfee97613,OllyDbg反调试之IsDebuggerPresent第一节,1,0
1c48b1f3-d4ed-11e8-907f-fefcfee97613,DNS域传送漏洞一,1,0
1c48b291-d4ed-11e8-907f-fefcfee97613,ElasticSearch插件目录穿越漏洞,1,0
1c48b31f-d4ed-11e8-907f-fefcfee97613,ffmpeg任意文件读取漏洞,1,0
1c48b3b3-d4ed-11e8-907f-fefcfee97613,PHPFPMFastcgi未授权访问漏洞,1,0
1c48b444-d4ed-11e8-907f-fefcfee97613,s2052远程代码执行漏洞,1,0
1c48b532-d4ed-11e8-907f-fefcfee97613,使用CCProxy实现网络行为监控,1,0
1c48b627-d4ed-11e8-907f-fefcfee97613,使用HostMonitor禁止非法程序运行,1,0
1c48b72b-d4ed-11e8-907f-fefcfee97613,WEB蜜罐的部署,1,0
1c48b7bf-d4ed-11e8-907f-fefcfee97613,Defnet蜜罐捕捉攻击,1,0
1c48b84d-d4ed-11e8-907f-fefcfee97613,利用蜜罐捕捉攻击,1,0
1c48b8dd-d4ed-11e8-907f-fefcfee97613,系统蜜罐部署,1,0
1c48b96a-d4ed-11e8-907f-fefcfee97613,电子证据的获取,1,0
1c48b9f8-d4ed-11e8-907f-fefcfee97613,linux审计工具的使用,1,0
1c48bb45-d4ed-11e8-907f-fefcfee97613,网络取证案例分析,1,0
1c48bbe5-d4ed-11e8-907f-fefcfee97613,对简单数据隐藏进行分析,1,0
1c48bc7f-d4ed-11e8-907f-fefcfee97613,Windows注册表调查,1,0
1c48bd11-d4ed-11e8-907f-fefcfee97613,在UNIXLinux环境下获取原始证据,1,0
1c48bdad-d4ed-11e8-907f-fefcfee97613,数字图像内容真实性认证,1,0
1c48c1d4-d4ed-11e8-907f-fefcfee97613,逆向路由器固件之解包,1,0
1d426cb0-2432-11e9-aaf1-3b508c94d125,21323,0,0
1e8783d0-f3a2-11e8-b9d2-f18f554d22ca,1111,0,0
1e97db00-d806-11e8-99a4-d9a331325fed,thfgd,0,0
1fe2db60-dbe8-11e8-bd62-c50ba19bd85f,页面跳转,0,0
1ff48d90-238c-11e9-b3b0-9d4147f8f1ee,突然热尔,0,0
20b606e0-08e4-11e9-9036-0d80e15a9482,阿热,0,0
22ad1910-d801-11e8-ac6e-f9951265ee75,撒旦法,0,0
2352a680-d9b0-11e8-83a8-2f2371958a99,adsf,0,0
23661eb0-fa8c-11e8-9ca5-6f13c11b5901,卡时代峻峰,0,0
24a163e0-d7fe-11e8-bc95-dfcf392fa4eb,的发过火电饭锅,0,0
28b4a5f0-d80a-11e8-99d7-05f325b15d6c,四方达,0,0
290199e0-2397-11e9-ab8a-abb2751e3a85,wrwew,0,0
29efa43d-d4ed-11e8-907f-fefcfee97613,服务枚举工具Amap,1,0
29efa6d7-d4ed-11e8-907f-fefcfee97613,使用P0f、Xprobe2识别主机系统,1,0
29efa7b9-d4ed-11e8-907f-fefcfee97613,主机探测工具—ping、arping、fping,1,0
29efa85d-d4ed-11e8-907f-fefcfee97613,利用WHATWEB实现WEB应用指纹识别,1,0
29efa9e5-d4ed-11e8-907f-fefcfee97613,信息收集工具Nmap,1,0
29efaa86-d4ed-11e8-907f-fefcfee97613,图形化端口扫描工具Zenmap,1,0
29efab1c-d4ed-11e8-907f-fefcfee97613,利用ARPING测试特定IP使用情况,1,0
29efabb2-d4ed-11e8-907f-fefcfee97613,利用路由追踪工具收集路由信息,1,0
29efac50-d4ed-11e8-907f-fefcfee97613,使用ZMAP进行端口扫描,1,0
29efacfe-d4ed-11e8-907f-fefcfee97613,利用visualroute实现拓扑探测,1,0
29efadc8-d4ed-11e8-907f-fefcfee97613,SuperScan网络端口扫描,1,0
29efaea7-d4ed-11e8-907f-fefcfee97613,WMI Defense,1,0
29efb00e-d4ed-11e8-907f-fefcfee97613,Windows环境下的信息收集,1,0
29efb155-d4ed-11e8-907f-fefcfee97613,Linux操作系统简述,1,0
29efb1f3-d4ed-11e8-907f-fefcfee97613,计算机网络基础知识总结,1,0
29efb32a-d4ed-11e8-907f-fefcfee97613,常用Windows内网提权命令合集,1,0
29efb3e0-d4ed-11e8-907f-fefcfee97613,五招让你的Ubuntu16更安全,1,0
29efb499-d4ed-11e8-907f-fefcfee97613,渗透测试向导之子域名枚举技术,1,0
29efb52f-d4ed-11e8-907f-fefcfee97613,猜解后台管理员密码加密方式,1,0
29efb5dd-d4ed-11e8-907f-fefcfee97613,Linux入侵检测基础,1,0
29efb6bd-d4ed-11e8-907f-fefcfee97613,Web检测与扫描工具-Lbd、Nikto,1,0
29efb768-d4ed-11e8-907f-fefcfee97613,使用OpenVas配置及登录OpenVas,1,0
29efb800-d4ed-11e8-907f-fefcfee97613,使用OpenVas创建Scan Config和扫描任务,1,0
29efb896-d4ed-11e8-907f-fefcfee97613,使用OpenVAS扫描漏洞,1,0
29efb927-d4ed-11e8-907f-fefcfee97613,利用W3AF实现漏洞扫描及审计,1,0
29efbc24-d4ed-11e8-907f-fefcfee97613,使用Burp Suite模糊测试SQL注入、XSS、命令执行漏洞,1,0
29efbce5-d4ed-11e8-907f-fefcfee97613,NetworkRecon工具介绍,1,0
29efbe58-d4ed-11e8-907f-fefcfee97613,奇葩webshell技巧,1,0
29efc059-d4ed-11e8-907f-fefcfee97613,Firefox增附加组件签名机制,1,0
29efc16b-d4ed-11e8-907f-fefcfee97613,Metasploit攻击实例,1,0
29efc212-d4ed-11e8-907f-fefcfee97613,利用Metasploit实现SNMP信息扫描,1,0
29efc42c-d4ed-11e8-907f-fefcfee97613,利用Metasploit进行SSH服务扫描,1,0
29efc4ee-d4ed-11e8-907f-fefcfee97613,利用Metasploit实现metepreter键盘记录,1,0
29efc6cc-d4ed-11e8-907f-fefcfee97613,PowerShell之nishang的使用,1,0
29efc7bb-d4ed-11e8-907f-fefcfee97613,Nodejs反序列化远程代码执行,1,0
29efc894-d4ed-11e8-907f-fefcfee97613,网易云音乐客户端远程代码执行,1,0
29efc92d-d4ed-11e8-907f-fefcfee97613,MS17-010远程程序注入实验,1,0
29efca7e-d4ed-11e8-907f-fefcfee97613,CVE-2017-8759 .NET 远程代码执行漏洞,1,0
29efcb2a-d4ed-11e8-907f-fefcfee97613,Python PyYAML反序列化漏洞实验以及Payload构造,1,0
29efcbc8-d4ed-11e8-907f-fefcfee97613,Office无宏命令执行漏洞,1,0
29efcc5d-d4ed-11e8-907f-fefcfee97613,60度CMS的Cookies欺骗漏洞,1,0
29efccf5-d4ed-11e8-907f-fefcfee97613,Python cPickle:允许任意代码执行,1,0
29efcd8a-d4ed-11e8-907f-fefcfee97613,X41 D-Sec Shadowsocks RCE分析,1,0
29efce2b-d4ed-11e8-907f-fefcfee97613,Seacms漏洞分析利用复现,1,0
29efcec1-d4ed-11e8-907f-fefcfee97613,CVE-2017-12617,1,0
29efcf97-d4ed-11e8-907f-fefcfee97613,Typecho后门分析复现,1,0
29efd043-d4ed-11e8-907f-fefcfee97613,CSV注入攻击,1,0
29efd0ee-d4ed-11e8-907f-fefcfee97613,CVE-2017-11882复现及防御,1,0
29efd1b5-d4ed-11e8-907f-fefcfee97613,记一次CTF中的Padding Oracle Attack,1,0
29efd258-d4ed-11e8-907f-fefcfee97613,wget 缓冲区溢出漏洞分析（CVE-2017-13089）,1,0
29efd31e-d4ed-11e8-907f-fefcfee97613,S2053远程代码执行漏洞,1,0
29efd3b4-d4ed-11e8-907f-fefcfee97613,永恒之蓝漏洞复现,1,0
29efd449-d4ed-11e8-907f-fefcfee97613,登录易存在SQL注入点的页面,1,0
29efd4e0-d4ed-11e8-907f-fefcfee97613,s2048远程代码执行漏洞,1,0
29efd59a-d4ed-11e8-907f-fefcfee97613,TinyShop缓存文件获取WebShell,1,0
29efd648-d4ed-11e8-907f-fefcfee97613,ActiveMQ任意文件写入漏洞（CVE-2016-3088）,1,0
29efd6e2-d4ed-11e8-907f-fefcfee97613,Aria2 任意文件写入漏洞,1,0
29efd776-d4ed-11e8-907f-fefcfee97613,ActiveMQ 反序列化漏洞（CVE-2015-5254）,1,0
29efd95e-d4ed-11e8-907f-fefcfee97613,IPC$管道的利用与远程控制,1,0
29efda05-d4ed-11e8-907f-fefcfee97613,灰鸽子远程控制软件,1,0
29efda9b-d4ed-11e8-907f-fefcfee97613,端口转发实现内网突破,1,0
29efdb31-d4ed-11e8-907f-fefcfee97613,NFS错误配置实现无密码登录,1,0
29efdbc8-d4ed-11e8-907f-fefcfee97613,操作系统后门(目标机用户名和密码都是msfadmin),1,0
29efdc79-d4ed-11e8-907f-fefcfee97613,创建Web后门,1,0
29efdd20-d4ed-11e8-907f-fefcfee97613,利用注册表隐藏建立管理员账号,1,0
29efddb5-d4ed-11e8-907f-fefcfee97613,在Windows中克隆管理员账号,1,0
29efdf5e-d4ed-11e8-907f-fefcfee97613,用ADS（供选数据流）隐藏Windows后门,1,0
29efe046-d4ed-11e8-907f-fefcfee97613,渗透测试中的certutil使用,1,0
29efe1bc-d4ed-11e8-907f-fefcfee97613,nc工具的使用,1,0
29efe252-d4ed-11e8-907f-fefcfee97613,SOCKS4反向代理,1,0
29efe2f6-d4ed-11e8-907f-fefcfee97613,Windows系统的帐户隐藏,1,0
29efe3a5-d4ed-11e8-907f-fefcfee97613,渗透技巧之隐藏自己的工具,1,0
29efe5bc-d4ed-11e8-907f-fefcfee97613,利用CleanIISLog实现IIS日志清除,1,0
29efe665-d4ed-11e8-907f-fefcfee97613,Windows日志手动清除实验,1,0
29efe6fc-d4ed-11e8-907f-fefcfee97613,linux日志清除实验,1,0
29efeb67-d4ed-11e8-907f-fefcfee97613,利用ARPR破解压缩文件密码,1,0
29efec17-d4ed-11e8-907f-fefcfee97613,使用WebBrowserPassView查看浏览器中保存的密码,1,0
29efecb1-d4ed-11e8-907f-fefcfee97613,利用SAMInside破解本地系统密码,1,0
29efed4b-d4ed-11e8-907f-fefcfee97613,利用SuperDic生成字典,1,0
29efeddf-d4ed-11e8-907f-fefcfee97613,MD5暴力破解,1,0
29efee73-d4ed-11e8-907f-fefcfee97613,使用Crunch工具创建密码字典,1,0
29efef07-d4ed-11e8-907f-fefcfee97613,离散攻击工具-彩虹表破解,1,0
29efef98-d4ed-11e8-907f-fefcfee97613,利用JOHN实现离线密码猜解,1,0
29eff02e-d4ed-11e8-907f-fefcfee97613,利用HYDRA实现密码暴力破解,1,0
29eff35e-d4ed-11e8-907f-fefcfee97613,Windows UAC,1,0
29eff4ec-d4ed-11e8-907f-fefcfee97613,Medusa在线密码破解,1,0
29eff5ff-d4ed-11e8-907f-fefcfee97613,密码字典生成工具-pydictor,1,0
29eff69c-d4ed-11e8-907f-fefcfee97613,花式密码的生成,1,0
29eff7e7-d4ed-11e8-907f-fefcfee97613,Burpsuite爆破登陆密码,1,0
29eff955-d4ed-11e8-907f-fefcfee97613,使用Sqlmap进行Sql注入攻击,1,0
29effa06-d4ed-11e8-907f-fefcfee97613,手动进行sql注入,1,0
29effac0-d4ed-11e8-907f-fefcfee97613,手动进行数字型sql注入,1,0
29effb53-d4ed-11e8-907f-fefcfee97613,注入点的发现及代码分析,1,0
29effbe8-d4ed-11e8-907f-fefcfee97613,DVWA注入靶场代码分析1,1,0
29effc7c-d4ed-11e8-907f-fefcfee97613,DVWA注入靶场代码分析2,1,0
29effd14-d4ed-11e8-907f-fefcfee97613,基于错误的盲注,1,0
29effda6-d4ed-11e8-907f-fefcfee97613,基于时间的盲注,1,0
29effe46-d4ed-11e8-907f-fefcfee97613,反射型XSS的实现,1,0
29effee7-d4ed-11e8-907f-fefcfee97613,利用输出环境构造代码,1,0
29efff7e-d4ed-11e8-907f-fefcfee97613,HTML与JavaScript自解码机制,1,0
29f00044-d4ed-11e8-907f-fefcfee97613,SQL注入,1,0
29f000d5-d4ed-11e8-907f-fefcfee97613,跨站请求伪造CSRF,1,0
29f0016f-d4ed-11e8-907f-fefcfee97613,目录遍历漏洞,1,0
29f00215-d4ed-11e8-907f-fefcfee97613,OS命令注入,1,0
29f00483-d4ed-11e8-907f-fefcfee97613,eval注入,1,0
29f00575-d4ed-11e8-907f-fefcfee97613,固定会话ID攻击,1,0
29f00616-d4ed-11e8-907f-fefcfee97613,自由重定向漏洞,1,0
29f006af-d4ed-11e8-907f-fefcfee97613,跨站脚本攻击（基础）,1,0
29f00746-d4ed-11e8-907f-fefcfee97613,跨站脚本攻击（进阶）,1,0
29f007db-d4ed-11e8-907f-fefcfee97613,通过上传文件使服务器执行脚本,1,0
29f00871-d4ed-11e8-907f-fefcfee97613,文件下载引起的跨站脚本,1,0
29f00915-d4ed-11e8-907f-fefcfee97613,DOM fuzzing,1,0
29f009ac-d4ed-11e8-907f-fefcfee97613,远程文件包含攻击,1,0
29f00a3d-d4ed-11e8-907f-fefcfee97613,恶意使用保存会话信息的文件,1,0
29f00adf-d4ed-11e8-907f-fefcfee97613,s2-045漏洞实验分析,1,0
29f00b78-d4ed-11e8-907f-fefcfee97613,JBoss Application Server获取WebShell,1,0
29f00c20-d4ed-11e8-907f-fefcfee97613,基于BIGINT溢出错误的SQL注入,1,0
29f00cd8-d4ed-11e8-907f-fefcfee97613,WebGoat学习之AccessControlFlaws,1,0
29f00d6f-d4ed-11e8-907f-fefcfee97613,WebGoat学习之AJAX Security1,1,0
29f00e13-d4ed-11e8-907f-fefcfee97613,WebGoat学习之AJAX Security2,1,0
29f00ec7-d4ed-11e8-907f-fefcfee97613,利用insert，update和delete注入获取数据,1,0
29f00f67-d4ed-11e8-907f-fefcfee97613,php phar LFI,1,0
29f01002-d4ed-11e8-907f-fefcfee97613,WebGoat学习之Authentication Flaws,1,0
29f010a5-d4ed-11e8-907f-fefcfee97613,DVWA全级别教程之Brute Force,1,0
29f01141-d4ed-11e8-907f-fefcfee97613,DVWA全级别教程之Command Injection,1,0
29f011da-d4ed-11e8-907f-fefcfee97613,DVWA全级别教程之File Inclusion,1,0
29f0126e-d4ed-11e8-907f-fefcfee97613,DVWA全级别教程之File Upload,1,0
29f0130c-d4ed-11e8-907f-fefcfee97613,DVWA全级别教程(完结篇)之XSS ,1,0
29f013a2-d4ed-11e8-907f-fefcfee97613,DVWA全级别教程之SQL Injection,1,0
29f01443-d4ed-11e8-907f-fefcfee97613,DVWA全级别教程之CSRF,1,0
29f014dd-d4ed-11e8-907f-fefcfee97613,sqlmap-tamper介绍(1),1,0
29f01574-d4ed-11e8-907f-fefcfee97613,sqlmap-tamper介绍(2),1,0
29f0160a-d4ed-11e8-907f-fefcfee97613,sqlmap-tamper介绍(3),1,0
29f016de-d4ed-11e8-907f-fefcfee97613,php过滤非法字符,1,0
29f01783-d4ed-11e8-907f-fefcfee97613,s2-052命令执行漏洞原理分析及复现,1,0
29f01844-d4ed-11e8-907f-fefcfee97613,Metinfo前台SQL注入漏洞分析,1,0
29f018da-d4ed-11e8-907f-fefcfee97613,文件包含与伪协议,1,0
29f0198a-d4ed-11e8-907f-fefcfee97613,php文件包含漏洞总结,1,0
29f01a84-d4ed-11e8-907f-fefcfee97613,宽字节注入之SQL注入1,1,0
29f01b3c-d4ed-11e8-907f-fefcfee97613,MySQL Error Based SQL Injection （报错注入）总结,1,0
29f01bf7-d4ed-11e8-907f-fefcfee97613,php代码命令执行漏洞常见危险函数总结,1,0
29f01c9a-d4ed-11e8-907f-fefcfee97613,从安全角度深入MySQL编码转换机制,1,0
29f01d39-d4ed-11e8-907f-fefcfee97613,bash命令小技巧,1,0
29f01dfa-d4ed-11e8-907f-fefcfee97613,Discuz任意文件删除,1,0
29f01e99-d4ed-11e8-907f-fefcfee97613,GIT-SHELL沙盒绕过,1,0
29f01f2d-d4ed-11e8-907f-fefcfee97613,GlassFish 任意文件读取漏洞,1,0
29f01fc1-d4ed-11e8-907f-fefcfee97613,Flask 服务端模板注入漏洞,1,0
29f02057-d4ed-11e8-907f-fefcfee97613,PHP-FPM Fastcgi未授权访问漏洞,1,0
29f020ec-d4ed-11e8-907f-fefcfee97613,ffmpeg 任意文件读取漏洞 CVE-2017-9993,1,0
29f02182-d4ed-11e8-907f-fefcfee97613,Django debug page XSS漏洞（CVE-2017-12794）,1,0
29f02218-d4ed-11e8-907f-fefcfee97613,Python unpickle 造成任意命令执行漏洞,1,0
29f022d0-d4ed-11e8-907f-fefcfee97613,瑞士军刀：Netcat的使用指南,1,0
29f0242f-d4ed-11e8-907f-fefcfee97613,Aircrack-ng简单设置,1,0
29f024d7-d4ed-11e8-907f-fefcfee97613,WAIDPS显示信息的转换,1,0
29f0256e-d4ed-11e8-907f-fefcfee97613,使用Aircrack-ng 破解WPAWPA2无线网络,1,0
29f02614-d4ed-11e8-907f-fefcfee97613,安装配置WAIDPS,1,0
29f026a8-d4ed-11e8-907f-fefcfee97613,使用MDK3工具a模式进行无线破坏（建议在真实环境模拟）,1,0
29f0273e-d4ed-11e8-907f-fefcfee97613,使用MDK3工具b模式进行无线破坏,1,0
29f027d4-d4ed-11e8-907f-fefcfee97613,使用MDK3工具d模式进行无线破坏,1,0
29f028a6-d4ed-11e8-907f-fefcfee97613,FTP连接与密码明文抓取,1,0
29f0293b-d4ed-11e8-907f-fefcfee97613,使用Ettercap工具实现中间人攻击,1,0
29f029d2-d4ed-11e8-907f-fefcfee97613,利用TCPDUMP进行网络嗅探,1,0
29f02a6d-d4ed-11e8-907f-fefcfee97613,MAC地址欺骗实验,1,0
29f02b80-d4ed-11e8-907f-fefcfee97613,IP欺骗实验,1,0
29f02c3d-d4ed-11e8-907f-fefcfee97613,Powershell and Windows RAW SOCKET,1,0
29f02e7c-d4ed-11e8-907f-fefcfee97613,ARP欺骗,1,0
29f02fb0-d4ed-11e8-907f-fefcfee97613,kaliLinux中的十大WIFI攻击工具介绍,1,0
29f03058-d4ed-11e8-907f-fefcfee97613,无线攻击工具routesploit详解,1,0
29f031ba-d4ed-11e8-907f-fefcfee97613,利用UDP FLOOD软件实现UDP FLOOD攻击,1,0
29f03262-d4ed-11e8-907f-fefcfee97613,利用XOIC工具实现ICMP FLOOD攻击,1,0
29f032f8-d4ed-11e8-907f-fefcfee97613,利用DNSQUERY工具实现DNS反射攻击,1,0
29f03398-d4ed-11e8-907f-fefcfee97613,利用NTPDOS工具实现NTP反射攻击,1,0
29f0342e-d4ed-11e8-907f-fefcfee97613,利用SNMPDOS工具实现SNMP反射攻击,1,0
29f034c5-d4ed-11e8-907f-fefcfee97613,利用SOCKSTRESS实现SOCKSTRESS攻击,1,0
29f0355b-d4ed-11e8-907f-fefcfee97613,利用hping实现SYN FLOOD攻击,1,0
29f035f3-d4ed-11e8-907f-fefcfee97613,利用GOLDENEYE实现HTTP GET FLOOD攻击,1,0
29f0374f-d4ed-11e8-907f-fefcfee97613,利用SLOWLORIS实现SLOW HTTP HEADER攻击,1,0
29f03805-d4ed-11e8-907f-fefcfee97613,利用HOIC实现HTTP GET FLOOD攻击,1,0
29f0389e-d4ed-11e8-907f-fefcfee97613,利用TORS HAMMER实现SLOW HTTP POST攻击,1,0
29f03936-d4ed-11e8-907f-fefcfee97613,利用LOIC实现HTTP GET FLOOD攻击,1,0
29f039cf-d4ed-11e8-907f-fefcfee97613,利用DNSQUERY实现DNS QUERY FLOOD攻击,1,0
29f03b53-d4ed-11e8-907f-fefcfee97613,DDOS攻击技术实验,1,0
29f03dcc-d4ed-11e8-907f-fefcfee97613,HTTPS攻击原理与防御,1,0
29f04206-d4ed-11e8-907f-fefcfee97613,木马病毒清除实验,1,0
29f042ba-d4ed-11e8-907f-fefcfee97613,32位文件型病毒实验,1,0
29f04351-d4ed-11e8-907f-fefcfee97613,类TaiWan NO1病毒实验,1,0
29f043e3-d4ed-11e8-907f-fefcfee97613,网页恶意脚本实验一,1,0
29f0447f-d4ed-11e8-907f-fefcfee97613,恶意代码检测实验,1,0
29f0452b-d4ed-11e8-907f-fefcfee97613,静态分析基本检测,1,0
29f045c3-d4ed-11e8-907f-fefcfee97613,PE文件格式分析,1,0
29f0465d-d4ed-11e8-907f-fefcfee97613,网页恶意脚本实验二,1,0
29f0470f-d4ed-11e8-907f-fefcfee97613,Chrome下的User-Agent Switch插件代码分析,1,0
29f047b9-d4ed-11e8-907f-fefcfee97613,基础认证钓鱼页面的制作,1,0
29f0494a-d4ed-11e8-907f-fefcfee97613,用Powershell劫持Windows系统快捷键,1,0
29f04b1a-d4ed-11e8-907f-fefcfee97613,Ollydbg基本使用,1,0
29f04bd8-d4ed-11e8-907f-fefcfee97613,使用Ollydbg查找字符串和windows API,1,0
29f04c72-d4ed-11e8-907f-fefcfee97613,使用Ollydbg设置断点,1,0
29f04d09-d4ed-11e8-907f-fefcfee97613,使用OllyDbg调试线程和进程,1,0
29f04da3-d4ed-11e8-907f-fefcfee97613,使用Ollydbg破解程序注册码,1,0
29f04e3a-d4ed-11e8-907f-fefcfee97613,Aspack加壳实验,1,0
29f04f75-d4ed-11e8-907f-fefcfee97613,OllyDbg中call，retn指令Ⅰ,1,0
29f0500d-d4ed-11e8-907f-fefcfee97613,OllyDbg中call，retn指令Ⅱ,1,0
29f050e5-d4ed-11e8-907f-fefcfee97613,逆向工程CrackMe实验一,1,0
29f05182-d4ed-11e8-907f-fefcfee97613,逆向工程CrackMe实验二,1,0
29f05221-d4ed-11e8-907f-fefcfee97613,硬编码序列号寻踪1,1,0
29f052b3-d4ed-11e8-907f-fefcfee97613,硬编码序列号寻踪2,1,0
29f05345-d4ed-11e8-907f-fefcfee97613,硬编码序列号寻踪3,1,0
29f05400-d4ed-11e8-907f-fefcfee97613,文件描述符漏洞,1,0
29f054c2-d4ed-11e8-907f-fefcfee97613,Windows消息钩子原理实验,1,0
29f0556c-d4ed-11e8-907f-fefcfee97613,关于浮点数计算的ReverseMe,1,0
29f055fc-d4ed-11e8-907f-fefcfee97613,现代二进制漏洞挖掘01,1,0
29f056a8-d4ed-11e8-907f-fefcfee97613,硬编码序列号寻踪4,1,0
29f0573f-d4ed-11e8-907f-fefcfee97613,硬编码序列号寻踪5,1,0
29f057ee-d4ed-11e8-907f-fefcfee97613,Capstone基础实验,1,0
29f058bb-d4ed-11e8-907f-fefcfee97613,利用xwizard加载DLL实验,1,0
29f05950-d4ed-11e8-907f-fefcfee97613,使用分组密码对shellcode中的windows API字符串进行加密,1,0
29f059f4-d4ed-11e8-907f-fefcfee97613,基于栈的整数溢出分析,1,0
29f05a86-d4ed-11e8-907f-fefcfee97613,基于堆的整数溢出分析,1,0
29f05b1b-d4ed-11e8-907f-fefcfee97613,阿里旺旺ActiveX控件ImageMan.dll栈溢出漏洞,1,0
29f05be6-d4ed-11e8-907f-fefcfee97613,angr简单介绍,1,0
29f05c80-d4ed-11e8-907f-fefcfee97613,一步一步学ROP之linuxx86篇1,1,0
29f05d1a-d4ed-11e8-907f-fefcfee97613,一步一步学ROP之linuxx86篇2,1,0
29f05dab-d4ed-11e8-907f-fefcfee97613,一步一步学ROP之linuxx86篇3,1,0
29f05e44-d4ed-11e8-907f-fefcfee97613,一步一步学ROP之linuxx86篇4,1,0
29f05ed8-d4ed-11e8-907f-fefcfee97613,一步一步学ROP之linuxx64篇1,1,0
29f05f74-d4ed-11e8-907f-fefcfee97613,一步一步学ROP之linuxx64篇2,1,0
29f06008-d4ed-11e8-907f-fefcfee97613,一步一步学ROP之linuxx64篇3,1,0
29f060a7-d4ed-11e8-907f-fefcfee97613,序列号生成算法-Part1,1,0
29f06147-d4ed-11e8-907f-fefcfee97613,序列号生成算法-Part2,1,0
29f061da-d4ed-11e8-907f-fefcfee97613,序列号生成算法分析-Part3,1,0
29f0629a-d4ed-11e8-907f-fefcfee97613,Visual Basic程序的破解-Part1,1,0
29f06331-d4ed-11e8-907f-fefcfee97613,Visual Basic程序的破解-Part2,1,0
29f063c8-d4ed-11e8-907f-fefcfee97613,Visual Basic程序的破解-Part3,1,0
29f0645b-d4ed-11e8-907f-fefcfee97613,Visual Basic程序的破解-Part4,1,0
29f064ed-d4ed-11e8-907f-fefcfee97613,Visual Basic程序的破解-Part5,1,0
29f0659b-d4ed-11e8-907f-fefcfee97613,脱壳简介,1,0
29f0662e-d4ed-11e8-907f-fefcfee97613,脱壳简介2,1,0
29f066e4-d4ed-11e8-907f-fefcfee97613,Radare2 (1),1,0
29f06778-d4ed-11e8-907f-fefcfee97613,Radare2 (2),1,0
29f0681a-d4ed-11e8-907f-fefcfee97613,什么是IAT如何修复Part1,1,0
29f068ac-d4ed-11e8-907f-fefcfee97613,什么是IAT如何修复Part2,1,0
29f06940-d4ed-11e8-907f-fefcfee97613,什么是IAT如何修复Part3,1,0
29f069d1-d4ed-11e8-907f-fefcfee97613,手脱UPX修复IATPart1,1,0
29f06aca-d4ed-11e8-907f-fefcfee97613,初识缓冲区溢出,1,0
29f06b64-d4ed-11e8-907f-fefcfee97613,利用memcpy函数构造缓冲区溢出,1,0
29f06bf5-d4ed-11e8-907f-fefcfee97613,利用栈溢出运行恶意代码,1,0
29f06c8a-d4ed-11e8-907f-fefcfee97613,字符串的格式化溢出,1,0
29f06d1d-d4ed-11e8-907f-fefcfee97613,snprintf缓冲区溢出,1,0
29f06db3-d4ed-11e8-907f-fefcfee97613,sprintf函数构造缓冲区溢出,1,0
29f07091-d4ed-11e8-907f-fefcfee97613,PHPCMSv9任意文件上传漏洞分析,1,0
29f07151-d4ed-11e8-907f-fefcfee97613,代码审计基本流程与方法,1,0
29f071e8-d4ed-11e8-907f-fefcfee97613,常见的INI配置,1,0
29f0727d-d4ed-11e8-907f-fefcfee97613,常见危险函数及特殊函数,1,0
29f07312-d4ed-11e8-907f-fefcfee97613,XDebug的配置和使用,1,0
29f073a8-d4ed-11e8-907f-fefcfee97613,易酷cms漏洞分析,1,0
29f0743a-d4ed-11e8-907f-fefcfee97613,PHP弱类型安全,1,0
29f074cf-d4ed-11e8-907f-fefcfee97613,命令注入,1,0
29f07568-d4ed-11e8-907f-fefcfee97613,安装问题的审计,1,0
29f075f8-d4ed-11e8-907f-fefcfee97613,SQL数字型注入,1,0
29f0768d-d4ed-11e8-907f-fefcfee97613,理解PHP对象注入,1,0
29f0773d-d4ed-11e8-907f-fefcfee97613,XSS后台敏感操作,1,0
29f077d1-d4ed-11e8-907f-fefcfee97613,文件包含漏洞的审计,1,0
29f0786c-d4ed-11e8-907f-fefcfee97613,浅析白盒审计中的字符编码及SQL注入,1,0
29f07906-d4ed-11e8-907f-fefcfee97613,任意文件读取,1,0
29f0799e-d4ed-11e8-907f-fefcfee97613,越权操作,1,0
29f07a4b-d4ed-11e8-907f-fefcfee97613,登录密码爆破,1,0
29f07adc-d4ed-11e8-907f-fefcfee97613,截断注入,1,0
29f07c4d-d4ed-11e8-907f-fefcfee97613,基于auditd的另类WebShell检测机制,1,0
29f07cfa-d4ed-11e8-907f-fefcfee97613,BlueCMSv16sp1SQL注入,1,0
29f07db8-d4ed-11e8-907f-fefcfee97613,一道ctf代码审计题目解析,1,0
29f07e4a-d4ed-11e8-907f-fefcfee97613,代码审计之Semcms,1,0
29f07ee3-d4ed-11e8-907f-fefcfee97613,全局防护Bypass之宽字节注入,1,0
29f07f8a-d4ed-11e8-907f-fefcfee97613,易通SQL时间盲注漏洞复现 ,1,0
29f08023-d4ed-11e8-907f-fefcfee97613,一道ctf代码审计题目解析2,1,0
29f080b5-d4ed-11e8-907f-fefcfee97613,auxblog CMS 漏洞分析及复现,1,0
29f08145-d4ed-11e8-907f-fefcfee97613,ICMSv701 admincp-class-php sql注入分析,1,0
29f081e1-d4ed-11e8-907f-fefcfee97613,semcms代码审计2,1,0
29f08296-d4ed-11e8-907f-fefcfee97613,浅谈php反序列化漏洞,1,0
29f08341-d4ed-11e8-907f-fefcfee97613,易通SQL时间盲注复现,1,0
29f083d8-d4ed-11e8-907f-fefcfee97613,PHP格式化字符串漏洞,1,0
29f08475-d4ed-11e8-907f-fefcfee97613,zzcms v8-1审计,1,0
29f08574-d4ed-11e8-907f-fefcfee97613,深入理解PHP反序列化原理,1,0
29f0860c-d4ed-11e8-907f-fefcfee97613,DedeCMS后台代码执行漏洞利用,1,0
29f088c1-d4ed-11e8-907f-fefcfee97613,使用Python编写一个端口扫描器,1,0
29f08968-d4ed-11e8-907f-fefcfee97613,使用Nmap端口扫描代码,1,0
29f08a04-d4ed-11e8-907f-fefcfee97613,用Python构建一个SSH僵尸网络,1,0
29f08aa3-d4ed-11e8-907f-fefcfee97613,利用FTP与Web批量抓“肉机”,1,0
29f08b4b-d4ed-11e8-907f-fefcfee97613,编写Python脚本与Metasploit交互,1,0
29f08be4-d4ed-11e8-907f-fefcfee97613,编写自己的0day概念验证代码,1,0
29f08c8a-d4ed-11e8-907f-fefcfee97613,使用Python实现简单爬虫功能,1,0
29f08dd5-d4ed-11e8-907f-fefcfee97613,运用Python重新实现Moore的分析方式并重构Nlog工具包,1,0
29f08e7f-d4ed-11e8-907f-fefcfee97613,使用Mechanize库上网,1,0
29f08f4b-d4ed-11e8-907f-fefcfee97613,Burpsuite插件开发教程之API,1,0
29f08fe3-d4ed-11e8-907f-fefcfee97613,Burpsuite插件开发教程之helloworld,1,0
29f09078-d4ed-11e8-907f-fefcfee97613,Burpsuite插件开发教程之Event Listener,1,0
29f0910e-d4ed-11e8-907f-fefcfee97613,Burpsuite插件开发教程之Custom Logger,1,0
29f091b4-d4ed-11e8-907f-fefcfee97613,MSF脚本开发,1,0
29f09251-d4ed-11e8-907f-fefcfee97613,使用ZIP炸弹反击扫描器,1,0
29f092e8-d4ed-11e8-907f-fefcfee97613,Burpsuite插件开发教程之编码转换,1,0
29f09428-d4ed-11e8-907f-fefcfee97613,打造chm后门,1,0
2a8d5a90-fa91-11e8-92b7-85a2324f6464,近来可好法国进口,0,0
2c8e5500-fa98-11e8-bed9-b9c2219715d4,是的法规阿斯蒂芬,0,0
2eab5890-fa8e-11e8-9e96-f77fafbb9462,系红领巾,0,0
31059e60-239b-11e9-aa6a-879499ef3ee2,所在的村庄显得非常,0,0
31298590-dd9a-11e8-8889-d7ee1f71cac9,就离开,0,0
31843ba0-ecaa-11e8-b15c-29ef91a3151d,jihuaizhi,0,0
3269ee80-d802-11e8-b587-63108c6f8f67,发送到,0,0
3296de10-08e4-11e9-a924-cd5b0d835009,是的法规收到,0,0
3487fca0-f9fd-11e8-9844-9381e564b473,个梵蒂冈,0,0
367dd350-f3b5-11e8-85fb-e7d0af6dfc89,gfrgre,0,0
380e3900-fa07-11e8-abe5-e56efd76a66e,lang东方故事,0,0
384f54e0-d99c-11e8-a69b-b9fe051d14e1,sfdasfsf,0,0
38550e30-d7fe-11e8-b065-213a1fb14fc2,给对方,0,0
3931f3f0-d7fc-11e8-863f-e5d2b1d8921b,地方,0,0
393b4b30-dd80-11e8-9835-df01bd1308f1,阿斯顿撒萨达,0,0
39a2a560-22c0-11e9-973a-ed0f0a6a4f5b,adsadsad,0,0
3d3cdcd0-fa93-11e8-a4a2-adbb32af91f8,色弱发给水电费,0,0
3d9f43b0-1d4b-11e9-987b-afbeca898eed,测试1,0,0
409db600-db71-11e8-8bc7-739544f7cfdc,进度条,0,0
41715f40-d99b-11e8-945a-032359c9411f,adasd,0,0
42452cd0-fa95-11e8-8cb8-1bc6ec5c9c14,都喜欢发给对方,0,0
427f7d10-1d63-11e9-9a54-477beef4055e,asdasd,0,0
44a1dfb0-0507-11e9-a37a-5d33796c421d,sdasdas,4,0
49547c10-fa8f-11e8-ba74-4f30500050ef,是梵蒂冈收到发给,0,0
49be50c0-fa9b-11e8-822b-358cea5e006b,施工费大幅度,2,0
4a0e2dd0-d819-11e8-aa45-ef0c6e5cb102,公司法定是否,0,0
4b5d9b80-d98e-11e8-afa9-eb9d5410bdd9,拓扑连线,0,0
4cd4d500-2073-11e9-80b9-b59fe4bcf654,erwerwe,0,0
4d30d8a0-fa8c-11e8-ad5d-c51c427bb439,对方过后单方事故,0,0
508a7550-fa99-11e8-9180-116e67332e86,xdfghsdfg,0,0
51667aa0-dcd0-11e8-8310-c9fea1338a4f,3123,0,0
52c852c0-d9ac-11e8-aeab-b9ea9f06db51,的双方各,0,0
546b8400-22ad-11e9-84bd-4b2bfbe43b3c,asfdsf,0,0
57ce5f40-0505-11e9-a8ea-234685b2be17,测试123,0,0
59c2fef0-fa8d-11e8-b65f-8750172e8e08,的开发机构,0,0
5c75a7e0-2457-11e9-a730-3953b48817b8,阿斯达撒的,0,0
61a3b6a0-ebda-11e8-87d3-6f16485ad90b,11191,0,0
63ebe9f0-2396-11e9-a0b3-99dd9aaa7240,mytest,0,0
689f01c0-fa9a-11e8-95ec-25dd944e74d6,三个地方斯蒂芬,0,0
698e5830-22c1-11e9-a7da-6f3e4708c003,adsadsd,0,0
6be05bd0-2388-11e9-b628-438b13a738b0,sdfsf,0,0
6ca3fc70-da54-11e8-8f5c-7d8feb06fe3b,asdas,0,0
6d3864d0-fa8f-11e8-9fd5-a1d64606ed0c,广东佛山,0,0
6d756940-22a0-11e9-92ca-fb7f12d8acaf,asfdsf,0,0
6d9cbc90-f9fe-11e8-9507-495d1ce7033d,法法师,0,0
6f03aa50-2392-11e9-ae15-a9f7eac581d9,mytest,0,0
6f4a9f40-fa93-11e8-9903-f7dbde79633f,速度发广告,0,0
7316eab0-22d6-11e9-aa18-ebf7e5db4f4a,asfdsf,0,0
73ea3c20-22d5-11e9-a3bc-ffe862461ab0,asdsfdsf,0,0
753317e0-1d5c-11e9-b07f-d9782922353c,123123,0,0
7559c860-d9b3-11e8-8141-d1838312e9a0,你好,0,0
76aee140-dc05-11e8-9384-a933a08a5164,页面跳转1,0,0
7b098550-da54-11e8-9386-d1a4ac763fda,awrwer,0,0
7bcdf500-2379-11e9-b8a7-71f8c74303a2,asfdsf,0,0
7d5ca810-d805-11e8-82bc-ef692c86ac88,发个短信,0,0
7e47fcc0-1e3e-11e9-9cdf-9b9c2d4187f6,视频预览,1,0
7f1dba40-da53-11e8-a277-c96b6eec47a4,ZDCxzsd,0,0
7f74e8a0-ec9f-11e8-a96c-39deed76cb05,lang,0,0
80541d50-f693-11e8-a48d-339635704add,ABCDEFG1,0,0
8529bf50-fa98-11e8-828c-9f92c9b174e1,鬼火风灯晃过上帝,0,0
853258d0-2389-11e9-a371-1524ef9f76d4,zsfsdf,0,0
855c3070-f47c-11e8-8016-a920cc3cd717,test,0,0
85e84fc0-245e-11e9-a822-b7d1254fd620,asdsf,0,0
85f18f50-d9ca-11e8-83e7-09469d008c38,adfadsfasdfasdf,0,0
8674b850-f48a-11e8-ab3d-fbe1131a4fa2,tetrr,0,0
88636cd0-d7ff-11e8-9147-31f7c6d3d300,是电饭锅水电费,0,0
88c9afa0-f9fd-11e8-ac0c-4975e85d3a25,是梵蒂冈阿斯蒂芬,0,0
88dd26b0-d859-11e8-beda-e1b0e6f539cf,撒的水电费,0,0
89ab79d0-e645-11e8-b182-e73533fa1761,狼水电费,0,0
8bd4c9e0-fa8f-11e8-b1e7-71f897b8848f,申达股份,0,0
8beef260-d9cb-11e8-9656-d36d4e113423,asdsad,0,0
8f04a2c0-d84d-11e8-86f2-218c9e969666,zfsfs,0,0
90153b20-d9ab-11e8-a7d1-01a23ed3bac3,ZDCzxcxzc,0,0
90757700-d819-11e8-ab9f-f9386add5a32,对方过后,0,0
91999de0-2431-11e9-ae34-0d7c4411ea47,sfdfsd,0,0
9211a570-2431-11e9-af28-db80ccab45f1,sfdfsd,0,0
925acb70-d809-11e8-b2e1-4b6771688435,发 多少,0,0
94774420-d9b1-11e8-9ed7-1309711fc214,是的发送到,0,0
959acdc0-1d5c-11e9-ab30-7b4fcd3a0226,qweqwe,0,0
965ffbf0-dcbd-11e8-813b-55a5e77fad54,311,0,0
9677deb0-fa97-11e8-8d2c-c38dbf1f6aa3,的话法规和法国,0,0
974197f0-dd9b-11e8-b5f1-338a443d8475,ABCDEFG,0,0
98573f90-f9fd-11e8-95f7-f7806bf936c2,发送到,0,0
9879fa90-fa8d-11e8-a522-7be49aa9b5e0,地方规划法规的,0,0
992eaeb0-d99b-11e8-a310-bb854ce983ff,sadsfsdf,0,0
9a7a54e0-fa9a-11e8-8121-1988d763726b,是否更好的方式,0,0
9cff9060-f838-11e8-bc6e-d16c883b4924,大声道撒多,0,0
9dbf2050-f3b4-11e8-94e0-7f26dcdd34f4,sfdsfs,0,0
9e2ff0d0-2430-11e9-82cd-35da21dadf77,eere,0,0
9ef7af00-d8c3-11e8-9056-11399802e46a,演示1,2,0
9f519fd0-d8c5-11e8-9549-35b2978adba4,演示2,3,0
a0298410-1d55-11e9-a24e-6769e140adde,3323,0,0
a05e42c0-2070-11e9-a820-454aaea899d0,sdsddsd,0,0
a09b0c10-dc19-11e8-9b0d-b71b5bdaf038,东方红路速度快解放时看到,0,0
a1e991c0-2389-11e9-8b84-57675355e29b,zscxzcxz,0,0
a3b6e4d0-238c-11e9-8117-43df9fdb57b6,retete,0,0
a43adbc0-2455-11e9-a868-2f98f0bdcf00,是否水电费,0,0
a45fdaf0-f3b2-11e8-b747-59af70516287,2323322,0,0
a49cfe10-fa92-11e8-bd88-1ddb9cb79897,发过火积分工会,0,0
a52419c0-229d-11e9-b6a8-23e2022483e7,sfdsf,0,0
a8a82ec0-d9b0-11e8-b9e7-5937d30a4e46,发的,0,0
aa156890-dc09-11e8-98bd-49917bf97285,跳转,0,0
aadff6e0-d76d-11e8-8145-d77ea09a6c31,是梵蒂冈,0,0
ab336600-1e3c-11e9-8fe1-b52cfc430d23,视频显示测试,0,0
ab7e52a0-d767-11e8-bcd1-09bd1da725b4,学生端视频，知识点显示,1,0
abaa64f0-fa98-11e8-be5c-73c57ce29c97,是的发个我热,0,0
adda49e0-2461-11e9-afd4-6578314a6ac0,adsadsa,0,0
b0b39300-08e3-11e9-9180-2bf0b3c086a6,电饭锅,0,0
b1dd7d60-fa94-11e8-b18d-7f7e41447230,好的粉红色的,0,0
b2077840-f3b4-11e8-86d4-f39dffb88943,ewrwere,0,0
b24da530-fa96-11e8-8e1b-41b4545a828f,格式发给水电费,0,0
b257f6a0-d818-11e8-a3e8-ed31a9fa2de0,现在从v下次,0,0
b478d360-22a3-11e9-becf-2764e0617132,aseasfds,0,0
b48b9740-22c6-11e9-8259-51ce2bc71381,sfdsf,0,0
b58b1e20-251c-11e9-94f3-fb3027ead52e,xzfcxc,0,0
b7947040-1d6d-11e9-bd61-e73b0727c491,qwe,0,0
b8803d00-fa93-11e8-afa4-655612b46138,是梵蒂冈和水电费,0,0
b922fd40-ebf4-11e8-9064-f9db931f47aa,45二,0,0
b965dfc0-e7e1-11e8-85ba-f93719874454,fhgf,0,0
b9a50d80-d9ab-11e8-91d7-bfce2a4b26bf,儿童,0,0
bb890de0-e64f-11e8-a885-95c237c79d43,23434,0,0
bd845230-22af-11e9-bf5c-87ec8fb010ba,阿斯顿撒多,0,0
bd8f60d0-fa8c-11e8-a36e-d75858a80f16,方式更好分公司,0,0
be655ff0-d76d-11e8-827b-232740021d4f,是的法规,1,0
bfbacfd0-ecaa-11e8-8e62-c7d1b442dcb8,jihuaizhi1,0,0
c1590d20-d802-11e8-92c0-ad6ebae2e3b3,撒旦法十大,0,0
c196f450-22cd-11e9-99c0-1559e90bd13d,sfdsf,0,0
c2467eb0-ebf3-11e8-9fc0-b3d8600a4269,lang111,0,0
c3f76850-1d5b-11e9-8b33-5921b4d7fdc9,asdsds,0,0
c3fc41c0-239f-11e9-bb3c-775e9c4915a9,zsfsdfsd,0,0
c4be74a0-1d55-11e9-817c-1bfc0b02183a,33333,0,0
c51edca0-edff-11e8-afda-b9bc810f24c8,sadsad,0,0
c76a8190-1d62-11e9-a72a-a534f3cbcdaf,尔特,0,0
c874d960-2070-11e9-a3af-b5372cbaf559,asdsadaa,0,0
c8994580-d903-11e8-9c35-a53a40142465,想的GV十多个人大概,0,0
ceae73a0-d84a-11e8-87f6-ff5b05e65782,测试1111,0,0
cf06ee20-d805-11e8-90fe-d3aef60e5a69,gsdf,0,0
d03054f0-236a-11e9-a23c-75f907fd7144,asfdsf,0,0
d291e640-fa8f-11e8-b86e-83cf7ff2090b,是的法规水电费,0,0
d2caaa80-ebf4-11e8-a9c6-3dfe1ddb74e5,水电费第三方34,0,0
d5c62360-239e-11e9-a59d-dd2a58afc0de,sdfdsf,0,0
d5dc86b0-239e-11e9-b198-29a0bab09a79,sdfdsf,0,0
d5f0cb00-239e-11e9-91de-0f3bfeccec11,sdfdsf,0,0
d5f60210-239e-11e9-b068-99e861cdb5f0,sdfdsf,0,0
d6027500-239e-11e9-aee6-c972cd6089cd,sdfdsf,0,0
d65508a0-239e-11e9-b280-513401a01395,sdfdsf,0,0
d6ce6c00-239e-11e9-9239-4927e516e3b7,sdfdsf,0,0
d881c2b0-d7fe-11e8-b103-2161f25f1640,地方单方事故,0,0
db31ef10-eecf-11e8-86f0-9d489abe323b,请问饿,0,0
dd3da160-d804-11e8-9d79-293ebde86b83,阿斯蒂芬,0,0
dd4a5920-22d3-11e9-a3dc-15389151232c,sadsfdsf,0,0
de298540-d999-11e8-aa25-0f383ca2db42,HGDJHG,0,0
df2149c0-22d5-11e9-8e9f-db826be907c2,sadsd,0,0
df695c20-22da-11e9-b79c-295740e104ec,dfdgdf,0,0
dfaa7a60-d9af-11e8-91df-cbede079d777,2222222,0,0
dfb7ce70-22da-11e9-b095-cde1d2ac8142,dfdgdf,0,0
e2da6de0-ebf4-11e8-b718-1d812b80ff8b,二,0,0
e45ca040-2391-11e9-90b3-6969eb48bdb9,zXzcx,0,0
e6dcbbb0-03ff-11e9-8357-dbb258d7cf9e,11,0,0
e9979060-d84a-11e8-b0ff-c92f76e15e4a,虚拟机开机,0,0
ebfb16b0-f3a1-11e8-91f1-c5d5d340bef2,测试,0,0
ee080950-f3b4-11e8-926e-91b2a92f91c9,rewrewre,0,0
ee275660-23a3-11e9-975e-ad264c88b7c5,asdasd,0,0
eebf8ef0-2434-11e9-8ed0-ef0c7941110a,asdasd,0,0
eeca4ad0-22c2-11e9-bd86-01541a85c99d,adsd,0,0
efff9530-da53-11e8-8138-3d236fcd5414,asdsfd,0,0
f02bd470-fa8d-11e8-9289-9d26ae831115,航空高科技,0,0
f1b1ed00-fa91-11e8-8cb1-b73fb5d8ff30,对方过后是的法规,0,0
f35aa9c0-f3a1-11e8-aaab-e365c316dce8,测试111,0,0
f37a3450-d841-11e8-901a-4b5e55e388f3,逆向工程之密码破解,0,0
f5cd9550-236f-11e9-88b1-695dcd99f6c0,zxcxv,0,0
f670e660-1e37-11e9-9cf4-49406ad914bc,知识点显示测试,0,0
f7464410-238c-11e9-8490-7f8c96278d34,ewtterr,0,0
f8e6df70-d84b-11e8-aa6b-710b3ea1a3be,第三方,0,0
f946ac00-dd79-11e8-89c8-dbb53853f89c,testlhq,0,0
fa6d0970-2374-11e9-a2c1-eb944239f441,asfdsf,0,0
